Plasmid_name,Translated_ORF,pI_Translated,Molecular_weight_Translated,Extinction_coefficient_reduced_Translated,Extinction_coefficient_oxidized_Translated,Hydrophobicity_Translated,Disulfide_bonds_Translated,TEVp_Cleaved_ORF,pI_TEVp_Cleaved,Molecular_weight_TEVp_Cleaved,Extinction_coefficient_reduced_TEVp_Cleaved,Extinction_coefficient_oxidized_TEVp_Cleaved
A0A3M1J184_pET-29b(+),MGSSHHHHHHSSGENLYFQGLEDKLVIVTSYPPDTTVTFKKAFEAKYPGVHVEMLKKKTTAGIKYLQETSGNNTSDLFWASAPDAFEVLKGDNLLQKYKVKVTGIPEKVGAFPINDPDGYYKGFAASGYGIMWNTRYLKAKKLPVPKTWEDLAKPVYHGHVGMSAPSRSGTTHLTVETVLQGEGWEKGWALWKAIAGNFKTVTERSFGVPDGVNSGQFGIGIVIDFFGLSSKASGFPVDFLYPPVTTLVPANIAIVKNAPHPEAAAAFIEFLLSPEGQELLLDPKIRRLPVNPATYAKAPADFPNPFKDSSIGSAVKFDLKLSKSRYNVINSLFDVMITYRLDDLRAATRAIQTAEAKLAGKPNADAKKLIDEAKALVAAVPISADQASQKDFNAIFKKKRKKATTKVTGRQAEIEQQWDSQVKANYAKAKELAEKAASMI,9.34,48289.7,60850,60850,-0.30,False,GLEDKLVIVTSYPPDTTVTFKKAFEAKYPGVHVEMLKKKTTAGIKYLQETSGNNTSDLFWASAPDAFEVLKGDNLLQKYKVKVTGIPEKVGAFPINDPDGYYKGFAASGYGIMWNTRYLKAKKLPVPKTWEDLAKPVYHGHVGMSAPSRSGTTHLTVETVLQGEGWEKGWALWKAIAGNFKTVTERSFGVPDGVNSGQFGIGIVIDFFGLSSKASGFPVDFLYPPVTTLVPANIAIVKNAPHPEAAAAFIEFLLSPEGQELLLDPKIRRLPVNPATYAKAPADFPNPFKDSSIGSAVKFDLKLSKSRYNVINSLFDVMITYRLDDLRAATRAIQTAEAKLAGKPNADAKKLIDEAKALVAAVPISADQASQKDFNAIFKKKRKKATTKVTGRQAEIEQQWDSQVKANYAKAKELAEKAASMI,9.40,46078.4,59360,59360
A0A4V2QEI5_pET-29b(+),MGSSHHHHHHSSGENLYFQGETTLTVHYPMPGFFKDVMDTISKKFMEENPDIKIQFASPSATYEEGIQTILRQAGTNEMPDITFIGLNRLRMIDERDVAVDLGPFVQKDGNMAEQGFSDTILKLAQVKGKQIGLAFATSNPIMYYNADLVKAAGGDPDSPPKTWDEVIALGGKIKALGNGVDGIDFRWQGDDWMFSALLFGAGGKMLNEDESQVTFNGPEGQKAVETLQRMVTEGGMPVFTKPAGEQAFAAGKVGFEFQTTGALRNTIKNVGDKFDLRTAKIPLIDPVNGRLPTGGNAVVILTHDAAKQDAAWKFAKFAAGPYGASVVVPGTGYVPNNELAAKSPEYLGDFYKQNPLFQAGLSQMPVMIPWYAFPGTNGVKVTQTIVDNLSRIVDQSAEPKEALDDAAADVEGMLPRS,5.07,45283.7,42400,42400,-0.28,False,GETTLTVHYPMPGFFKDVMDTISKKFMEENPDIKIQFASPSATYEEGIQTILRQAGTNEMPDITFIGLNRLRMIDERDVAVDLGPFVQKDGNMAEQGFSDTILKLAQVKGKQIGLAFATSNPIMYYNADLVKAAGGDPDSPPKTWDEVIALGGKIKALGNGVDGIDFRWQGDDWMFSALLFGAGGKMLNEDESQVTFNGPEGQKAVETLQRMVTEGGMPVFTKPAGEQAFAAGKVGFEFQTTGALRNTIKNVGDKFDLRTAKIPLIDPVNGRLPTGGNAVVILTHDAAKQDAAWKFAKFAAGPYGASVVVPGTGYVPNNELAAKSPEYLGDFYKQNPLFQAGLSQMPVMIPWYAFPGTNGVKVTQTIVDNLSRIVDQSAEPKEALDDAAADVEGMLPRS,4.79,43072.4,40910,40910
A0A2S3VPA0_pET-29b(+),MGSSHHHHHHSSGENLYFQGGDLPIPDHGPVLRIQGSNTIGAALGPALVEGLLSEQGLRKIHRETPDTANELRIVAETVQGRRVVVEVAAHGSSTGFTALKAASADLAASSRPIKDNELASLQSLGDLKSPSAEQVIAIDGLAIILHPDNPLNQLDTAQLARIFSGEVKTWEDLGGRGGPIHLYARDDQSGTYDTFKELVLSGRGKTLSSAAKRFESSEQLSDAVSADPQGIGFIGLPYVRRAKAVAIVDGQSQAMLPLNSLIATEDYPLSRRLFFYLPPNEKNPWAQALVAFAQSTKGQAIVAANGFIAQTVQAMAVAPNALMPEGYQALSRHAQRLSVNFRFEEGSATLDNKARQDLWRVLDYIKQHDKTNDQVTLVGFGDAKSDPARADLLSKLRAMAVRRELVKSGVVFREIRGFGAEMPVAANSADEGRIKNRRVEVWVY,6.69,48161.8,35410,35410,-0.26,False,GGDLPIPDHGPVLRIQGSNTIGAALGPALVEGLLSEQGLRKIHRETPDTANELRIVAETVQGRRVVVEVAAHGSSTGFTALKAASADLAASSRPIKDNELASLQSLGDLKSPSAEQVIAIDGLAIILHPDNPLNQLDTAQLARIFSGEVKTWEDLGGRGGPIHLYARDDQSGTYDTFKELVLSGRGKTLSSAAKRFESSEQLSDAVSADPQGIGFIGLPYVRRAKAVAIVDGQSQAMLPLNSLIATEDYPLSRRLFFYLPPNEKNPWAQALVAFAQSTKGQAIVAANGFIAQTVQAMAVAPNALMPEGYQALSRHAQRLSVNFRFEEGSATLDNKARQDLWRVLDYIKQHDKTNDQVTLVGFGDAKSDPARADLLSKLRAMAVRRELVKSGVVFREIRGFGAEMPVAANSADEGRIKNRRVEVWVY,6.76,45950.5,33920,33920
A0A7X2ZJP1_pET-29b(+),MGSSHHHHHHSSGENLYFQGCSGNNGNSGKTPAAEPKTNNSASVSNEKSDEPVTLKWALWDWEATAYYQPLIDAYKKDHPNVTIEYVDLGSTDYMTMLSTQLSGGADLDILTIKDIPGYANLVKQNHLEPLKSYIDSNGIDTSLYGGTVEQIQVNGDVYALPFRSDFWIVYYNKDLFDKAGVPYPTNDMTLDQYDELARKMTSGSGSEKVYGAHYHTWRSAVQLFGILDGKNTIVDGKYAFLKPVYERILKEQDDGIVMDYATLKTSSTHYSGVFYNNSVAMMNMGSWFIATQIDKVKSGESQATNWGIVKYPHPDGVKAGTTLGTITSLAVNQKSANKEAALDFLKFVTGEEGASVIASMGTIPAIKNDEVVNSIASIDGFPSDENSKAALTTDRTYLEMPLHEKSADIEVILNEAHDNIMTKNATIDEGIADMEKRVQEALGN,4.93,48940.9,72770,72770,-0.43,False,GCSGNNGNSGKTPAAEPKTNNSASVSNEKSDEPVTLKWALWDWEATAYYQPLIDAYKKDHPNVTIEYVDLGSTDYMTMLSTQLSGGADLDILTIKDIPGYANLVKQNHLEPLKSYIDSNGIDTSLYGGTVEQIQVNGDVYALPFRSDFWIVYYNKDLFDKAGVPYPTNDMTLDQYDELARKMTSGSGSEKVYGAHYHTWRSAVQLFGILDGKNTIVDGKYAFLKPVYERILKEQDDGIVMDYATLKTSSTHYSGVFYNNSVAMMNMGSWFIATQIDKVKSGESQATNWGIVKYPHPDGVKAGTTLGTITSLAVNQKSANKEAALDFLKFVTGEEGASVIASMGTIPAIKNDEVVNSIASIDGFPSDENSKAALTTDRTYLEMPLHEKSADIEVILNEAHDNIMTKNATIDEGIADMEKRVQEALGN,4.72,46729.6,71280,71280
A0A497B0D9_pET-29b(+),MGSSHHHHHHSSGENLYFQGCGPKPTEVLTEAPPPTEEPEPEGVTVKVWFHSGKGEEREVLDAQVADFNAMQDDVIIEAVQLPEGSYNDQVNAAALAGDLPCLLDFDGPFLYNYAWSGYLQPIDGYVSADLKNDFLPSIINQGTYAGNLYSLGTFDSGLAIWGNKAYLDAAGVRIPTGIDDAWTKEEFVDALEKLQALPEVEYAIDFKMNYGAGEWFTYGFAPMMQSFGGDLIDRSDYQSAEGVLNSPESVEAMEFFQSLFTDGYANPEPAGDDDFYVQKKTALSWVGHWMWTPHNENLGDDLVLIPMPKFGDKAVTGMGSWNWGITSSCEHPDAAWEFLHFLVSPAEILHMTNANGAVPARKSAIAQSDLYAEGGPLNVFVQQLEGGVALERPVTPAYPVITAAFAEAVNNIVAGADVKEELDKAVEKIDQDIQDNQGYPSP,4.22,48417.1,87320,87445,-0.28,True,GCGPKPTEVLTEAPPPTEEPEPEGVTVKVWFHSGKGEEREVLDAQVADFNAMQDDVIIEAVQLPEGSYNDQVNAAALAGDLPCLLDFDGPFLYNYAWSGYLQPIDGYVSADLKNDFLPSIINQGTYAGNLYSLGTFDSGLAIWGNKAYLDAAGVRIPTGIDDAWTKEEFVDALEKLQALPEVEYAIDFKMNYGAGEWFTYGFAPMMQSFGGDLIDRSDYQSAEGVLNSPESVEAMEFFQSLFTDGYANPEPAGDDDFYVQKKTALSWVGHWMWTPHNENLGDDLVLIPMPKFGDKAVTGMGSWNWGITSSCEHPDAAWEFLHFLVSPAEILHMTNANGAVPARKSAIAQSDLYAEGGPLNVFVQQLEGGVALERPVTPAYPVITAAFAEAVNNIVAGADVKEELDKAVEKIDQDIQDNQGYPSP,4.07,46205.8,85830,85955
A0A1S9N6X7_pET-29b(+),MGSSHHHHHHSSGENLYFQGCGSSSTQQTASNTNGKVTLKVWSYYNDNEKKSFNNLVDKFNKSQDKVEVVNEYVPFADIKKQFSVGIAAQNLPDLAVIDNPDHAAFAAMGMFEDITDKVKDWDEKDNYFEGPWKSTMYNGKNYGIPMDSNCLALFYNEDLLKQAGVTPPQTWDELRTAAKKLTKDGVYGLSLSAVKSEEGTFQFMPFLLSSGGSVEKVNSPEVVKSLQLWTDLLKDGSLSKECINWDQPGVEKQFATGKAAMMINGPWQFSTLKSDAPNMKWACVKIPKDQKYASVLGGENIGIVKGHHPEEAWEFLKFIGKADNVRDFINNTGYFPPRKDLANDKVWTEDPNKAVFMDQMQYAMPRGPHPKWPQISEAIYTAYQESLTMQKSPQEALDEAQTKIDAVLK,5.64,46055.3,81360,81610,-0.61,True,GCGSSSTQQTASNTNGKVTLKVWSYYNDNEKKSFNNLVDKFNKSQDKVEVVNEYVPFADIKKQFSVGIAAQNLPDLAVIDNPDHAAFAAMGMFEDITDKVKDWDEKDNYFEGPWKSTMYNGKNYGIPMDSNCLALFYNEDLLKQAGVTPPQTWDELRTAAKKLTKDGVYGLSLSAVKSEEGTFQFMPFLLSSGGSVEKVNSPEVVKSLQLWTDLLKDGSLSKECINWDQPGVEKQFATGKAAMMINGPWQFSTLKSDAPNMKWACVKIPKDQKYASVLGGENIGIVKGHHPEEAWEFLKFIGKADNVRDFINNTGYFPPRKDLANDKVWTEDPNKAVFMDQMQYAMPRGPHPKWPQISEAIYTAYQESLTMQKSPQEALDEAQTKIDAVLK,5.27,43844.0,79870,80120
D8FVU4_pET-29b(+),MGSSHHHHHHSSGENLYFQGCLNRTYKPVAESTPTQTTANPTADNTLNIWWNKGYYPEEDAAFRQIISEWEKKSPNKVKLSFITDANIIQQTDKALSSNNLPDIFFAHLTDINWSPKWAWEGKLVDVSDVIDPVKNLYTPNAIESVYLYNNKVKKRSYYAVPIEQQTIHISYWRDLLKDAGLSEREVPKDWDGFWNFWKQAQKNLRQQGQQNIYAFGLPMSPGGSDTYFMFEQFLEAYKVRLLDENGQLLLDDPTTRQSIIKVLDWCTNLYKEGYVPPNALNWQNTDNNVNFLNKTALITANPSLSIPTSQKQDTDLYYDKIGTMEFPNQPDGKPTRYMASVKQVVIFASSQHQKVAKEFLSFLIQPENLGAYIKNSAGRWFPVMPKLLKDPFWNDPKDPHLSVAVKQFTERQIRPFYPALNPAYVKVQQENVWGQTLNRILKDGLSPEQAADEAIAKIKQIFSEWK,6.81,53911.2,119290,119415,-0.62,True,GCLNRTYKPVAESTPTQTTANPTADNTLNIWWNKGYYPEEDAAFRQIISEWEKKSPNKVKLSFITDANIIQQTDKALSSNNLPDIFFAHLTDINWSPKWAWEGKLVDVSDVIDPVKNLYTPNAIESVYLYNNKVKKRSYYAVPIEQQTIHISYWRDLLKDAGLSEREVPKDWDGFWNFWKQAQKNLRQQGQQNIYAFGLPMSPGGSDTYFMFEQFLEAYKVRLLDENGQLLLDDPTTRQSIIKVLDWCTNLYKEGYVPPNALNWQNTDNNVNFLNKTALITANPSLSIPTSQKQDTDLYYDKIGTMEFPNQPDGKPTRYMASVKQVVIFASSQHQKVAKEFLSFLIQPENLGAYIKNSAGRWFPVMPKLLKDPFWNDPKDPHLSVAVKQFTERQIRPFYPALNPAYVKVQQENVWGQTLNRILKDGLSPEQAADEAIAKIKQIFSEWK,7.08,51699.9,117800,117925
A0A542HVF8_pET-29b(+),MGSSHHHHHHSSGENLYFQGCGIPAAGKTEGGTAADDHSAEEKTVSFSNWTEYMDVDDSGKHHPTLDAFTKRTGIKVKYTEDINDNNEFFGKIKPQLAAGQDTGRDIIVLTDWLAARLIRLGWVQKLDPSNLPHAYANLSAQFRSPDWDPGRAYSYPWQGISTVIAYNKKALDGVEVKSVSDLLDNPKLKGRVGFLTEMRDSMGMTLLDMGKDPEKFTDDDYDAAIARLQKGVDSGQIRRFTGNDYTSDITSGDFAACIAWAGDVVQLKADSPDVDFVIPDSGYLTSSDNMLIPNKARHKTNAERLMDYYYEPEPAAELAAYINYVCPVDGVKDALAKIDEDAANNPLIIPDKAMQAKSHSFRSLSSKEETAYEAKFAKLTGA,5.11,42216.5,56840,56965,-0.54,True,GCGIPAAGKTEGGTAADDHSAEEKTVSFSNWTEYMDVDDSGKHHPTLDAFTKRTGIKVKYTEDINDNNEFFGKIKPQLAAGQDTGRDIIVLTDWLAARLIRLGWVQKLDPSNLPHAYANLSAQFRSPDWDPGRAYSYPWQGISTVIAYNKKALDGVEVKSVSDLLDNPKLKGRVGFLTEMRDSMGMTLLDMGKDPEKFTDDDYDAAIARLQKGVDSGQIRRFTGNDYTSDITSGDFAACIAWAGDVVQLKADSPDVDFVIPDSGYLTSSDNMLIPNKARHKTNAERLMDYYYEPEPAAELAAYINYVCPVDGVKDALAKIDEDAANNPLIIPDKAMQAKSHSFRSLSSKEETAYEAKFAKLTGA,4.85,40005.2,55350,55475
A0A3Q8YEP4_pET-29b(+),MGSSHHHHHHSSGENLYFQGETTLNALFMAQAAYSEADVRAMTEGFTKANPDIKVNLEFVPYEGLHDKTVLAQGSGGGYDVVLFDVIWPAEYATNKVLVDVSSKITDDMKKGVLPGAWTTVQYDGKYYGMPWILDTKYLFYNKEILEKAGIKAPPKTWEELGEQAKIIQDKGLLKTPIAWSWSQAEAAICDYTTLVSAYGGDFLKDGKPDFQNGGGVSALKYMVDSYKSGLTNPNSKEFLEEDVRKVFENGDAAFALNWTYMYNMANDPKDSKVAGKVGVVPAPGVAGTSEVSAVNGSMGLGITAVSKHPDEAWKYIEFMTSQATQNQYAKLSLPIWASSYDDPAVTKGQEELIAAAKRGLAAMYPRPTTPKYQELSTALQQAIQESLLGQTTPEDALKTAAQNSGL,5.14,44421.4,80790,80790,-0.36,False,GETTLNALFMAQAAYSEADVRAMTEGFTKANPDIKVNLEFVPYEGLHDKTVLAQGSGGGYDVVLFDVIWPAEYATNKVLVDVSSKITDDMKKGVLPGAWTTVQYDGKYYGMPWILDTKYLFYNKEILEKAGIKAPPKTWEELGEQAKIIQDKGLLKTPIAWSWSQAEAAICDYTTLVSAYGGDFLKDGKPDFQNGGGVSALKYMVDSYKSGLTNPNSKEFLEEDVRKVFENGDAAFALNWTYMYNMANDPKDSKVAGKVGVVPAPGVAGTSEVSAVNGSMGLGITAVSKHPDEAWKYIEFMTSQATQNQYAKLSLPIWASSYDDPAVTKGQEELIAAAKRGLAAMYPRPTTPKYQELSTALQQAIQESLLGQTTPEDALKTAAQNSGL,4.85,42210.2,79300,79300
A0A3M1LCG8_pET-29b(+),MGSSHHHHHHSSGENLYFQGCGGAAQPTKAPAAPTKAPAKAPTKAAAPTKPPTPTAAPEDPLAGIDPSGQTITYWYQHSRKREEVLQEMIQEFNQTNKWGITVVGEYQGHYGEIYEKMLTAIAGGEVPDLVVAYQNQAASYAIAGAVEDLNPYVTSPTWGFTKEELQDFFPAFLNQDISAQLGGIRLGFPPNRSMEVMYYNEDWLKELGYDKPPETWDEFREMACKAVKQPFSKGPGEGMGYELSVDTSRFASMVFSRGGDLMNEDQTAYTLNTPEAQDTMKFLQDLFADGCATLVSERYGDQADFGAGKLLFTIGSSSGLPYYKDAVSEGANFNWSVAPLPHTTPEPVQNIYGASISVLKTTPERQLAAWLFLKWFTEPEQQAKWAKVSNYFPVRKSVAEGMKDYFAENPAYAKAFELLKYGKTEPPVAGYDVVRDLIEEAMTKIVGGADVQETLAELEKEANQVLEESGP,4.82,52017.6,83770,83895,-0.48,True,GCGGAAQPTKAPAAPTKAPAKAPTKAAAPTKPPTPTAAPEDPLAGIDPSGQTITYWYQHSRKREEVLQEMIQEFNQTNKWGITVVGEYQGHYGEIYEKMLTAIAGGEVPDLVVAYQNQAASYAIAGAVEDLNPYVTSPTWGFTKEELQDFFPAFLNQDISAQLGGIRLGFPPNRSMEVMYYNEDWLKELGYDKPPETWDEFREMACKAVKQPFSKGPGEGMGYELSVDTSRFASMVFSRGGDLMNEDQTAYTLNTPEAQDTMKFLQDLFADGCATLVSERYGDQADFGAGKLLFTIGSSSGLPYYKDAVSEGANFNWSVAPLPHTTPEPVQNIYGASISVLKTTPERQLAAWLFLKWFTEPEQQAKWAKVSNYFPVRKSVAEGMKDYFAENPAYAKAFELLKYGKTEPPVAGYDVVRDLIEEAMTKIVGGADVQETLAELEKEANQVLEESGP,4.64,49806.3,82280,82405
A0A355G537_pET-29b(+),MGSSHHHHHHSSGENLYFQGESASNENQDDALVMYCAAGIKPPVAAAAAQFAEEEFGVPVHLQYGGSGTLLSNLQVAKKGDLYLAADTSYIEIAREKGLVEEAISVARMHPVIMVKKGNPKKIQSIDDLLKSDVTFALANPDAASIGKLTKKQLTEAGKWEAVSKSARVFKPTVSEIATDVMLGAVDAAIVWDATVNQHPEKADMVDVPELSGTIKNVTVGILKSSEKPQQALLFARYLQAPEKGQKLFSEMGYETVEGDAWDPHPTILLFSGGVNRLAIQDTLKEFEQREGVTVNTVYNGCGILVGQINSGQRPDAYFACDSSYMVQVQPKFTLPLTVAETDMVIIVEKGNPQQIKTVFDLAGKEIKVGLAHHEQSALGALTKKLLEPLVHNEQSLYNAVQPNVKTNTPTADLLVNQLRTGSLDAAIVYRANISKVADKLDVVEIKEGRPLAEQPIAILKSTKYPHLLQRLVDTLTDSPSRAIFESNGFRWRVASESL,5.74,54287.2,41370,41495,-0.19,True,GESASNENQDDALVMYCAAGIKPPVAAAAAQFAEEEFGVPVHLQYGGSGTLLSNLQVAKKGDLYLAADTSYIEIAREKGLVEEAISVARMHPVIMVKKGNPKKIQSIDDLLKSDVTFALANPDAASIGKLTKKQLTEAGKWEAVSKSARVFKPTVSEIATDVMLGAVDAAIVWDATVNQHPEKADMVDVPELSGTIKNVTVGILKSSEKPQQALLFARYLQAPEKGQKLFSEMGYETVEGDAWDPHPTILLFSGGVNRLAIQDTLKEFEQREGVTVNTVYNGCGILVGQINSGQRPDAYFACDSSYMVQVQPKFTLPLTVAETDMVIIVEKGNPQQIKTVFDLAGKEIKVGLAHHEQSALGALTKKLLEPLVHNEQSLYNAVQPNVKTNTPTADLLVNQLRTGSLDAAIVYRANISKVADKLDVVEIKEGRPLAEQPIAILKSTKYPHLLQRLVDTLTDSPSRAIFESNGFRWRVASESL,5.46,52075.9,39880,40005
D2BZG1_pET-29b(+),MGSSHHHHHHSSGENLYFQGAVSPETRSLDELYQRALQEGHEVTVYAGGDTAGQQDGIKAAFEKRFPGMKLNVIVDYSKFHDARIDNQLVTGTLVPDVVQLQTLQDYPRWKQEGALLNYKPRGWDQIYPTFKDQDGAWTGVFVDAFSNVVNTKSLPEKEWPREANDYLNPSLKGKIVVTWPNDDDAVLFWFKQVVDRYGWEYVQKFVEQNPQLVRGTQAPADDVESGKAVATFSTDGSLVPDEKAHSRFVLPQHDPFVSWAQRAAIMKGAKHPDAAKLYLNWLTDKETQQNTWYMWSVRTDVTPPKGYKPIWEYKNTNPDAFAKFMQDRAAVERFRSQMALYFGEVKGEPSPGWLGLHPREALAH,6.01,41643.0,93850,93850,-0.66,False,GAVSPETRSLDELYQRALQEGHEVTVYAGGDTAGQQDGIKAAFEKRFPGMKLNVIVDYSKFHDARIDNQLVTGTLVPDVVQLQTLQDYPRWKQEGALLNYKPRGWDQIYPTFKDQDGAWTGVFVDAFSNVVNTKSLPEKEWPREANDYLNPSLKGKIVVTWPNDDDAVLFWFKQVVDRYGWEYVQKFVEQNPQLVRGTQAPADDVESGKAVATFSTDGSLVPDEKAHSRFVLPQHDPFVSWAQRAAIMKGAKHPDAAKLYLNWLTDKETQQNTWYMWSVRTDVTPPKGYKPIWEYKNTNPDAFAKFMQDRAAVERFRSQMALYFGEVKGEPSPGWLGLHPREALAH,5.73,39431.8,92360,92360
A0A656IR27_pET-29b(+),MGSSHHHHHHSSGENLYFQGMNVLTSLFQKNAWGVLRTTGFILPLSQGLADRKMKNAKWLFLSIMMAFIGVPLLVNIITIIVGGMWAYISVLENSIPIAQSIEKATIIPVALLGAGLIFLCGRIWGKGNASEVNPEWRDCCLLMPALVVLMGWVILMFLTDLNIRAIGRKPIAQVVQTLWLVPSVISFFNGWVWAVLLIPVGSQLCFALGYGGARWGVLRGGAGYSCRNLLVICLLFFGSCAVYQSHLYAVKYPAPESSEYLYFRDYQAHTWGNKLTGLRDEPTLLLTQNWPRLDGATAGLPLYASAFYALTRFPDDICPEDYLENQGTIEAYQNILNGNADLIFVAQPSTAQKQLAEASGVKLVYTPFAREAFVFIVNQNNPVSSLSDVQIRGIFSGRITHWNEVGGEAIDIKPWQRPENSGSQTAMLAKVMKETKLMPAQTTSVATAMGDMVDIVAEYRNTHNAIGYTFRYYATQMHSNKEIKLLAINDVAPTVENIRNGSYPYTVDVYMVTREHPTAETQKLVDWFLSPQGQQLVQDVGYVPLYPAAK,7.17,61218.1,118260,118760,0.15,True,GMNVLTSLFQKNAWGVLRTTGFILPLSQGLADRKMKNAKWLFLSIMMAFIGVPLLVNIITIIVGGMWAYISVLENSIPIAQSIEKATIIPVALLGAGLIFLCGRIWGKGNASEVNPEWRDCCLLMPALVVLMGWVILMFLTDLNIRAIGRKPIAQVVQTLWLVPSVISFFNGWVWAVLLIPVGSQLCFALGYGGARWGVLRGGAGYSCRNLLVICLLFFGSCAVYQSHLYAVKYPAPESSEYLYFRDYQAHTWGNKLTGLRDEPTLLLTQNWPRLDGATAGLPLYASAFYALTRFPDDICPEDYLENQGTIEAYQNILNGNADLIFVAQPSTAQKQLAEASGVKLVYTPFAREAFVFIVNQNNPVSSLSDVQIRGIFSGRITHWNEVGGEAIDIKPWQRPENSGSQTAMLAKVMKETKLMPAQTTSVATAMGDMVDIVAEYRNTHNAIGYTFRYYATQMHSNKEIKLLAINDVAPTVENIRNGSYPYTVDVYMVTREHPTAETQKLVDWFLSPQGQQLVQDVGYVPLYPAAK,7.66,59006.8,116770,117270
A0A3M1LDI2_pET-29b(+),MGSSHHHHHHSSGENLYFQGCGGGATPAPTKAPAKKPAEKPTEKPAAKIEEVTIVAWTIGPDDPSYYRAKNLETAAERLNKKLEAEGSNVRVKVDASFDTTSWGDYKKRVLLAFEGGKAPDIVLSGHEDIAPWADAGYIIPLDDYIAQYPDTYNDIFDTLWGAVTYKGKRWAIPQDTEARPMYFNKAKLKELGWSDQEIEALPEKIKNGEFTLYDMLEVAKEAQDKGIVEPGYGYWHRPKKGSDFYHFYYNCGGTLQDPDTGKLVLDKKALKCVYQFFWDATQEYKVTKTDLIGTEWKIIHETVAGGRALFFNGGTWNWAEWRDKYLPNEADPEAYLWKNIGFALIPAMKKGGKPNTLSHPLVYMVTAQSKHPDLAFRIITEATAPDLNALHAVESGHLAILKSELNDPKYAEDKFAQAAAYMLEYTTFLPNNPDFGALDEIYFGGISAVESGQWTPDQAVENVISDVQVELGDKVIIKE,5.30,53714.8,114250,114375,-0.50,True,GCGGGATPAPTKAPAKKPAEKPTEKPAAKIEEVTIVAWTIGPDDPSYYRAKNLETAAERLNKKLEAEGSNVRVKVDASFDTTSWGDYKKRVLLAFEGGKAPDIVLSGHEDIAPWADAGYIIPLDDYIAQYPDTYNDIFDTLWGAVTYKGKRWAIPQDTEARPMYFNKAKLKELGWSDQEIEALPEKIKNGEFTLYDMLEVAKEAQDKGIVEPGYGYWHRPKKGSDFYHFYYNCGGTLQDPDTGKLVLDKKALKCVYQFFWDATQEYKVTKTDLIGTEWKIIHETVAGGRALFFNGGTWNWAEWRDKYLPNEADPEAYLWKNIGFALIPAMKKGGKPNTLSHPLVYMVTAQSKHPDLAFRIITEATAPDLNALHAVESGHLAILKSELNDPKYAEDKFAQAAAYMLEYTTFLPNNPDFGALDEIYFGGISAVESGQWTPDQAVENVISDVQVELGDKVIIKE,5.08,51503.5,112760,112885
A0A1G2FJ12_pET-29b(+),MGSSHHHHHHSSGENLYFQGCKESPGKTVGLEFWGVFDDSDVYSPLIESFNKQYPNIKIRYTKKNYLDYEKDLLEAMAAGRGPDLLMLHNTWLPKYQDKISAVAEDLITLKEFKETFVDVAAADFVKDSDIYALPLYVDTLALYYNKDILNTAGIPEAPKTWEEFLETVEKTTLKDERGNVSRAGAAIGTARNINRSIDILSVLMLQSGVSMINQNRTAAAFGERVSLEGEEFFPGERALQFYTDFANPLKSVYTWNTRMHYSIDAFYEGQAAMMFNYSHHFSTIRAKSPYLNFAAAPLPQIKTSAIDVNYANYWGLAVSKNSKNAKQAWQFISWLSQKENSRKYLETTRKPAARRDLISEQKNDPDLGVFARQALTARSWYQVDNSAIETIMAEMIESVVLGETTIKEAVEKATAQVTVLMKD,5.77,48027.7,75290,75290,-0.39,False,GCKESPGKTVGLEFWGVFDDSDVYSPLIESFNKQYPNIKIRYTKKNYLDYEKDLLEAMAAGRGPDLLMLHNTWLPKYQDKISAVAEDLITLKEFKETFVDVAAADFVKDSDIYALPLYVDTLALYYNKDILNTAGIPEAPKTWEEFLETVEKTTLKDERGNVSRAGAAIGTARNINRSIDILSVLMLQSGVSMINQNRTAAAFGERVSLEGEEFFPGERALQFYTDFANPLKSVYTWNTRMHYSIDAFYEGQAAMMFNYSHHFSTIRAKSPYLNFAAAPLPQIKTSAIDVNYANYWGLAVSKNSKNAKQAWQFISWLSQKENSRKYLETTRKPAARRDLISEQKNDPDLGVFARQALTARSWYQVDNSAIETIMAEMIESVVLGETTIKEAVEKATAQVTVLMKD,5.42,45816.4,73800,73800
A0A6G3A650_pET-29b(+),MGSSHHHHHHSSGENLYFQGCGSDDDSSAGGKTRITVNCEPPKSAKVDRRFFDEDIASFEKTHPDIDVVAHDAFPCQDPKTFDAKLAGGQMEDVFYTYFTDARHVVDIHQAADLTPYVKELKSYDTIQQQLRDIYTVDGKVYGIPRTGYSMGLIYNRALFKKAGLDPDKPPATWDEVRTAAKKIAGLGNGTVGYADYSAQNQGGWHFTAELYSQGGDVVSADGKKATVDTPEGKAVLQNLHDMRWADDSMGSKQLLVINDAQQMMGSGKLGMYLSAPDNIPILVKEKGGSYKDLALAPMPGGKGTLIGGDGYMFNKKASPAQIRAGLKWLDHMFLTPGDGFLGDYARAKKNDAPVGLPEPRLFTGAADAKDQQVKKANANVPVENYQSFLDGNQSLDMKIEPPHAQQIYSVLDGVVSAVLTKKDADVDQLLKDADGKIDSILARG,5.69,48363.7,48820,48945,-0.51,True,GCGSDDDSSAGGKTRITVNCEPPKSAKVDRRFFDEDIASFEKTHPDIDVVAHDAFPCQDPKTFDAKLAGGQMEDVFYTYFTDARHVVDIHQAADLTPYVKELKSYDTIQQQLRDIYTVDGKVYGIPRTGYSMGLIYNRALFKKAGLDPDKPPATWDEVRTAAKKIAGLGNGTVGYADYSAQNQGGWHFTAELYSQGGDVVSADGKKATVDTPEGKAVLQNLHDMRWADDSMGSKQLLVINDAQQMMGSGKLGMYLSAPDNIPILVKEKGGSYKDLALAPMPGGKGTLIGGDGYMFNKKASPAQIRAGLKWLDHMFLTPGDGFLGDYARAKKNDAPVGLPEPRLFTGAADAKDQQVKKANANVPVENYQSFLDGNQSLDMKIEPPHAQQIYSVLDGVVSAVLTKKDADVDQLLKDADGKIDSILARG,5.36,46152.4,47330,47455
R9LH50_pET-29b(+),MGSSHHHHHHSSGENLYFQGCSSSSNSKSNDPSGSAQSGESSSKRVTLKVEVFDRGNSPAGATITDNYLTRFVQESFGDPNNIDVEFVPIPRSEEVEKLNVLMASGSDVPDIVFTYDTNTFNRYASQGGLTDLAPLLEQYAPNLTAFLGEEILQYGRYEGTQYAVPAKRTQLGKYASFIRQDWLDKLGLPVPQTTEELYNVLKAFKEKDPGETGGQVIPMAMTVANAQYEPLLWSFIEPLTEEQTYTLTQTLGSNDYPTLLPGFKNGLQFMNKLYNEGLISKDFALDTDKKKLGEDVSSGKVGFFSEDDVNPFYENGPYATLQENVPGAILKSVDVFTNSEGKHAKPMYNPNGMYIMVPKSSERAVEAIKYLEWMASDDHLFHMQNGVEGENYTMVDGVPVAVENPTEEALSRLFNSGDMAIISNGKQLGSDELNLKARAMQFPPRYQQDVAEAQEIANTDLIKPVVMSKPIEAQTKYGTTLQEKFHEMLVKVTMAKPEQFESVYESMMKDYMASGGQAILDERTAVYKEMKSK,4.82,59407.8,53750,53750,-0.51,False,GCSSSSNSKSNDPSGSAQSGESSSKRVTLKVEVFDRGNSPAGATITDNYLTRFVQESFGDPNNIDVEFVPIPRSEEVEKLNVLMASGSDVPDIVFTYDTNTFNRYASQGGLTDLAPLLEQYAPNLTAFLGEEILQYGRYEGTQYAVPAKRTQLGKYASFIRQDWLDKLGLPVPQTTEELYNVLKAFKEKDPGETGGQVIPMAMTVANAQYEPLLWSFIEPLTEEQTYTLTQTLGSNDYPTLLPGFKNGLQFMNKLYNEGLISKDFALDTDKKKLGEDVSSGKVGFFSEDDVNPFYENGPYATLQENVPGAILKSVDVFTNSEGKHAKPMYNPNGMYIMVPKSSERAVEAIKYLEWMASDDHLFHMQNGVEGENYTMVDGVPVAVENPTEEALSRLFNSGDMAIISNGKQLGSDELNLKARAMQFPPRYQQDVAEAQEIANTDLIKPVVMSKPIEAQTKYGTTLQEKFHEMLVKVTMAKPEQFESVYESMMKDYMASGGQAILDERTAVYKEMKSK,4.67,57196.5,52260,52260
A0A2E4J4H3_pET-29b(+),MGSSHHHHHHSSGENLYFQGMIKRALIILAMVATVALPFILRLSKEHTGKADDNLIIITPHNEAIRHEFTAGFTEWYQEKTGRIVAIDWRVIGGTSEIARFLDSEYVASFQNYWKGTLNKAWSMEVQAAFANRRIGDDANERELEARQIFLESEVGCGIDLFFGGGSYDFIRQAQAGRLVSSKILETHPEWFTKESIPYTFAGEQYWDEEGRWIGNVLSSYGILYNKDSLKRLGIVRPPEHWNDLTDPRLVGEVALCDPTKSGSITKAFENLIQQQMQMRLNELSEGKNENVTAEIEAQAVREGWIAGMQILRLMGANARYFTDSSQKPPIDVSQGNSAVGVCIDFYGRYQAEAVKRRDDSARLIYVTPQGGTVSSVDPIGLLRGAPNAEIGEAFIEFTLSMEGQKLWNFKVGAPQGPERFALRRLPVRREYYAHKDWQQYRSDPNSEPYSGVDQLVYRPEWTGRLFREMAFSIRVMCLDTHEELVQAWRAIIDAEMPADALAVLNDMSLFTYDEVGGSIRDALRAKNRVEEVRMARDLGAKLRAQYRQAAELARAVP,5.74,63228.7,101300,101550,-0.39,True,GMIKRALIILAMVATVALPFILRLSKEHTGKADDNLIIITPHNEAIRHEFTAGFTEWYQEKTGRIVAIDWRVIGGTSEIARFLDSEYVASFQNYWKGTLNKAWSMEVQAAFANRRIGDDANERELEARQIFLESEVGCGIDLFFGGGSYDFIRQAQAGRLVSSKILETHPEWFTKESIPYTFAGEQYWDEEGRWIGNVLSSYGILYNKDSLKRLGIVRPPEHWNDLTDPRLVGEVALCDPTKSGSITKAFENLIQQQMQMRLNELSEGKNENVTAEIEAQAVREGWIAGMQILRLMGANARYFTDSSQKPPIDVSQGNSAVGVCIDFYGRYQAEAVKRRDDSARLIYVTPQGGTVSSVDPIGLLRGAPNAEIGEAFIEFTLSMEGQKLWNFKVGAPQGPERFALRRLPVRREYYAHKDWQQYRSDPNSEPYSGVDQLVYRPEWTGRLFREMAFSIRVMCLDTHEELVQAWRAIIDAEMPADALAVLNDMSLFTYDEVGGSIRDALRAKNRVEEVRMARDLGAKLRAQYRQAAELARAVP,5.49,61017.4,99810,100060
A0A2A7ME56_pET-29b(+),MGSSHHHHHHSSGENLYFQGMINMKDRRFIFRLLVCIFLVIIFFIVLKASQKKTIITFGMFAGSNWDVPYSNSYEIIDNAIKRFEEKNPGVEVKYVNGIMKEDYSEWLSSELLKGTAPDVFMILPEDFNTLSNVGAMENLNKLIQKDKEFDKNKYYNTSYKFGQYEENQFALPYESVPTMMFVNKTLLENEGIQMPSNNWTFDEFYKICKEVTKDTDNDGIIDQFGYYDYTWEDAIYSNGVTLFNEDGTKSYFGDKKVEEAVSFIQKLDKLNNGYRVTSKDFDDGKVAFHPLLFSEYTTYKTYPWKIKKYSGFEWDCIKLPAGENGENISEVTTLLMGINSKTKKEQLAWEFLKTLTYDEDVQKEIFKYSQGVSVLKNVTNSEEVIEELSKSTPNGSYIDMTLLNEIMESGIVSPRFRKYNSVMDMADNMINQAINDEDDNLSYLLSKLQREVNNILRN,4.96,53366.6,77240,77365,-0.50,True,GMINMKDRRFIFRLLVCIFLVIIFFIVLKASQKKTIITFGMFAGSNWDVPYSNSYEIIDNAIKRFEEKNPGVEVKYVNGIMKEDYSEWLSSELLKGTAPDVFMILPEDFNTLSNVGAMENLNKLIQKDKEFDKNKYYNTSYKFGQYEENQFALPYESVPTMMFVNKTLLENEGIQMPSNNWTFDEFYKICKEVTKDTDNDGIIDQFGYYDYTWEDAIYSNGVTLFNEDGTKSYFGDKKVEEAVSFIQKLDKLNNGYRVTSKDFDDGKVAFHPLLFSEYTTYKTYPWKIKKYSGFEWDCIKLPAGENGENISEVTTLLMGINSKTKKEQLAWEFLKTLTYDEDVQKEIFKYSQGVSVLKNVTNSEEVIEELSKSTPNGSYIDMTLLNEIMESGIVSPRFRKYNSVMDMADNMINQAINDEDDNLSYLLSKLQREVNNILRN,4.77,51155.4,75750,75875
A0A483JI95_pET-29b(+),MGSSHHHHHHSSGENLYFQGMANTTLTLLAAGSLRSAFLPLVAHFRQHTGLAVDAQFGPAGLLRERIEAGSPCAVFASANAAHPQALLQAGLAQECQGFASNQLMLTARRSPDNDSLDWLALLSTPRLRLATSTPGCDPSGDYTWQLFARIEARYPGLGNAMAGRAQQLVGGRDSLSVPPGEIAGAWLIRQNLADLFIGYAHYGPALAACDDLRTLTIPAPWNIRCDYQLARLRADPAALALYRFILGDVGQGYLRQAGFMPFSDAA,6.78,28663.2,33920,34170,-0.03,True,GMANTTLTLLAAGSLRSAFLPLVAHFRQHTGLAVDAQFGPAGLLRERIEAGSPCAVFASANAAHPQALLQAGLAQECQGFASNQLMLTARRSPDNDSLDWLALLSTPRLRLATSTPGCDPSGDYTWQLFARIEARYPGLGNAMAGRAQQLVGGRDSLSVPPGEIAGAWLIRQNLADLFIGYAHYGPALAACDDLRTLTIPAPWNIRCDYQLARLRADPAALALYRFILGDVGQGYLRQAGFMPFSDAA,7.06,26451.9,32430,32680
A0A4R5F5K7_pET-29b(+),MGSSHHHHHHSSGENLYFQGCAPGSSAPPAATPSQPGASAVRTDAATLGDVTLTVWDQEVRGGQAAQMKQLNAAFEAKYPNIKLNRVSRSFDDLNTTLRLALSGNEPPDVVEANNGRSSMGAFVKAGQLLPLDAYAEAYGWKERYPESVLRYSRYSADGKVFGEGNLYGLPQVGEVVGIFYNAAKLTELGLEPPKTWEEFQAALAKAKAAGEVPMQLGNLDKWPAVHVFGTVQSRDVPADQIRTLAFGRKGASWNTPENTKAAQQLVDWVGKGYFNKGFNGQGYDPAWQAFGKGEGVFMIAGTWLLADLQKNLGDDVGFILPPGATDGAAPVATGGTGLPFAITAKSPHPDAAAAYIDFITSADAMKVLTDTGNLPVADTAAQKVPEGPQQDVFTAFGTVSAENGLVPYLDYATPTFADTLGAALQDLLAEKASPQEFLATLEKDYKTFAESNG,5.00,48191.2,66350,66350,-0.28,False,GCAPGSSAPPAATPSQPGASAVRTDAATLGDVTLTVWDQEVRGGQAAQMKQLNAAFEAKYPNIKLNRVSRSFDDLNTTLRLALSGNEPPDVVEANNGRSSMGAFVKAGQLLPLDAYAEAYGWKERYPESVLRYSRYSADGKVFGEGNLYGLPQVGEVVGIFYNAAKLTELGLEPPKTWEEFQAALAKAKAAGEVPMQLGNLDKWPAVHVFGTVQSRDVPADQIRTLAFGRKGASWNTPENTKAAQQLVDWVGKGYFNKGFNGQGYDPAWQAFGKGEGVFMIAGTWLLADLQKNLGDDVGFILPPGATDGAAPVATGGTGLPFAITAKSPHPDAAAAYIDFITSADAMKVLTDTGNLPVADTAAQKVPEGPQQDVFTAFGTVSAENGLVPYLDYATPTFADTLGAALQDLLAEKASPQEFLATLEKDYKTFAESNG,4.74,45979.9,64860,64860
A0A810MU31_pET-29b(+),MGSSHHHHHHSSGENLYFQGMMALVVVAVGGWFVYRTLAGAGCSGEVPLNVAAAPEIAPAVEAAAQAWIEDGAAVDGRCVAVTVSGTDPVDVAAAVAGLHGISLAGVGRASGTAVMPDVWVPDSSTWLLRLSAAAPGFAPTNNASVAHSPVVVAMPEPVATSFGWPDEQLTWTDLLQQITTGTQLRTGIVDPTRDSAGLSLLLAIGGAASAAGDGAQQAMTGALRALATGRSALRQDLVARFPRSADPAAVASALSAAALSEEDVIAYNAARPPISLAALYPQPASMSLDYPYAVLPGTDPARAAAAEALFSVLDTTAFKDRLGARGLRGPDGSWGQGFEAPRGARAGLPEPPSAAPQPTASSDAGGSGAPGGAPAGGPDPAAVDRALSTWTAVTLPARMLAVIDVSGSMLQRVPTAGGATRMQVTLQAAQRGLGLFDDSWAVGLWTFSTELAGGRDYREEQPVGPLSSQRSRLLASLNAITPKPTGDTGLYDTVLAAYESMQEGWEPGRVNSVVMLTDGRNDDADGISQEKLLADLQALVDPRRPIQVVIIGIGDGVSRDELESITKVTGGGVFVTEDPAKIGDIFLQAIALRPAAPG,4.72,61151.1,73910,74035,0.08,True,GMMALVVVAVGGWFVYRTLAGAGCSGEVPLNVAAAPEIAPAVEAAAQAWIEDGAAVDGRCVAVTVSGTDPVDVAAAVAGLHGISLAGVGRASGTAVMPDVWVPDSSTWLLRLSAAAPGFAPTNNASVAHSPVVVAMPEPVATSFGWPDEQLTWTDLLQQITTGTQLRTGIVDPTRDSAGLSLLLAIGGAASAAGDGAQQAMTGALRALATGRSALRQDLVARFPRSADPAAVASALSAAALSEEDVIAYNAARPPISLAALYPQPASMSLDYPYAVLPGTDPARAAAAEALFSVLDTTAFKDRLGARGLRGPDGSWGQGFEAPRGARAGLPEPPSAAPQPTASSDAGGSGAPGGAPAGGPDPAAVDRALSTWTAVTLPARMLAVIDVSGSMLQRVPTAGGATRMQVTLQAAQRGLGLFDDSWAVGLWTFSTELAGGRDYREEQPVGPLSSQRSRLLASLNAITPKPTGDTGLYDTVLAAYESMQEGWEPGRVNSVVMLTDGRNDDADGISQEKLLADLQALVDPRRPIQVVIIGIGDGVSRDELESITKVTGGGVFVTEDPAKIGDIFLQAIALRPAAPG,4.53,58939.8,72420,72545
A0A1I1RGL2_pET-29b(+),MGSSHHHHHHSSGENLYFQGMYKVKIKPHWEISRDTEQPLDTAVLLTLLTAVQETGSIANAAKQTGSSYRHAWGLLRDAERMFGHPLIETGRGRGSRLLPLAEKLIWADRRIAARLSPTLETLASELEGELSKTVSGQPQVIRLNASHGFAVAALLNQLNERHLPVDLRYRNSADAVAALARQECDLAGFHVPLGEFEDASVASYSRWLDKNKHCLIHLAVRNQGLMVAPGNPKNIAGLADLSRAGVLFVNRQPGSGTRMLLELMLSRQALSPNAIEGFESAEFTHSAIAAFIASGMADVGFGVQTAAHRFGLDFIPLVRERYFFALSNAAMKDPLMQQVIAILQSASFRDIVNQLNGYDGSATGEILSLSEAFGSLQ,6.77,41265.4,32430,32555,-0.10,True,GMYKVKIKPHWEISRDTEQPLDTAVLLTLLTAVQETGSIANAAKQTGSSYRHAWGLLRDAERMFGHPLIETGRGRGSRLLPLAEKLIWADRRIAARLSPTLETLASELEGELSKTVSGQPQVIRLNASHGFAVAALLNQLNERHLPVDLRYRNSADAVAALARQECDLAGFHVPLGEFEDASVASYSRWLDKNKHCLIHLAVRNQGLMVAPGNPKNIAGLADLSRAGVLFVNRQPGSGTRMLLELMLSRQALSPNAIEGFESAEFTHSAIAAFIASGMADVGFGVQTAAHRFGLDFIPLVRERYFFALSNAAMKDPLMQQVIAILQSASFRDIVNQLNGYDGSATGEILSLSEAFGSLQ,6.88,39054.1,30940,31065
A0A0F3KSN8_pET-29b(+),MGSSHHHHHHSSGENLYFQGADLTVISFGGANKAAQEKAYYAPFTKATGIKVVGGEYNGEMAKVKAMVDTKSVSWDVLEVESPELARGCDEGMFEKLDYSKIGNKADFVPGAAQSCGVGIFVWSTVLAYNADKLKVGPTSWKDFWDVKKFPGKRGMRKGAKYTLEVALMADGVAPKDVYKVLATPAGVDRAFKKLDQLKPNIQWWEAGAQPPQYLVSGDVVMSSAYNGRIANTQKEGKNLKIVWNGGMYDFDSWAIPKGSPNKDAALKFIAFASKPENQKVYSQNIAYGPTNKKAVPLLDKQLVADLPTAPQNIKSGVAVDVAFWADYGESLEQRFNAWAAK,8.95,37357.0,75860,75985,-0.37,True,GADLTVISFGGANKAAQEKAYYAPFTKATGIKVVGGEYNGEMAKVKAMVDTKSVSWDVLEVESPELARGCDEGMFEKLDYSKIGNKADFVPGAAQSCGVGIFVWSTVLAYNADKLKVGPTSWKDFWDVKKFPGKRGMRKGAKYTLEVALMADGVAPKDVYKVLATPAGVDRAFKKLDQLKPNIQWWEAGAQPPQYLVSGDVVMSSAYNGRIANTQKEGKNLKIVWNGGMYDFDSWAIPKGSPNKDAALKFIAFASKPENQKVYSQNIAYGPTNKKAVPLLDKQLVADLPTAPQNIKSGVAVDVAFWADYGESLEQRFNAWAAK,9.05,35145.7,74370,74495
A0A0P1NUZ7_pET-29b(+),MGSSHHHHHHSSGENLYFQGCSNENPQKVRIVIWHQKPPGEREVLESAVKKYMELHPEVKVIVLYKETEELRSAYIISAVAGKGPDIVYGPSDQIGPFEILQIIKPLEEIFDSTFIDQFDPRGLLWYKGHLYQIGDQIGNHLFLLYNKKLVPKPPKTMSELIEIGKKLTKDIDGDGKIDQYGLVWNYTEPFFFIPFLTGFGGWVMDSLGNPTLNTEATVKALNFVRELRDKYKIIPRECDYNTADALFKEGRAGMLINGPWSIGGYKKAGIDFGIARIPKVDETGLWPAPMVAIKGYSINVNVDEEKLPYVVDLFKYLVSPEVQLEHTKVLGTIPTHKIALENEIVKNDPLIQASISQMEVGKPMPVVPELRAIWDAMRPYYQAVLGGTMNAEKAAEEMQKLALKKIEEMNE,5.81,46623.2,65320,65445,-0.28,True,GCSNENPQKVRIVIWHQKPPGEREVLESAVKKYMELHPEVKVIVLYKETEELRSAYIISAVAGKGPDIVYGPSDQIGPFEILQIIKPLEEIFDSTFIDQFDPRGLLWYKGHLYQIGDQIGNHLFLLYNKKLVPKPPKTMSELIEIGKKLTKDIDGDGKIDQYGLVWNYTEPFFFIPFLTGFGGWVMDSLGNPTLNTEATVKALNFVRELRDKYKIIPRECDYNTADALFKEGRAGMLINGPWSIGGYKKAGIDFGIARIPKVDETGLWPAPMVAIKGYSINVNVDEEKLPYVVDLFKYLVSPEVQLEHTKVLGTIPTHKIALENEIVKNDPLIQASISQMEVGKPMPVVPELRAIWDAMRPYYQAVLGGTMNAEKAAEEMQKLALKKIEEMNE,5.51,44412.0,63830,63955
A0A442BCF5_pET-29b(+),MGSSHHHHHHSSGENLYFQGMSGVSLKGMTWSHPRGYDPMVACSALWREKTGVSIEWEKRSLQDFESFPVEELARAYDLIVIDHPHVGQITAEKCLAPLDVPGREAEREALARGSVGKSYPSYTWQGRQWAFPIDAATQVQAWRPDLIEAAPRIWTEVLALAEQGRVLLPLRPPHSLMCFYTLAAELGRPCAVDGPSDLVDQETGETAFEMLREIAALIDPACLTMDPIAVFERMAESETRIACAPLIYGYVPYAVAGFRPHRLGFADMPVVGGNGPVGSALGGTGIAVSAFSTEREAAIDFAYWIASGDVQRGPYAAAGGQPGHAAAWEDDAINAATGNFYRDTRATLEGAWVRPRHDGYMTFQQQASDRINEGLAGRQDAAQVVADINRLFLESFAPAAAG,5.13,43839.8,74370,74745,-0.19,True,GMSGVSLKGMTWSHPRGYDPMVACSALWREKTGVSIEWEKRSLQDFESFPVEELARAYDLIVIDHPHVGQITAEKCLAPLDVPGREAEREALARGSVGKSYPSYTWQGRQWAFPIDAATQVQAWRPDLIEAAPRIWTEVLALAEQGRVLLPLRPPHSLMCFYTLAAELGRPCAVDGPSDLVDQETGETAFEMLREIAALIDPACLTMDPIAVFERMAESETRIACAPLIYGYVPYAVAGFRPHRLGFADMPVVGGNGPVGSALGGTGIAVSAFSTEREAAIDFAYWIASGDVQRGPYAAAGGQPGHAAAWEDDAINAATGNFYRDTRATLEGAWVRPRHDGYMTFQQQASDRINEGLAGRQDAAQVVADINRLFLESFAPAAAG,4.86,41628.5,72880,73255
A0A2W4GI77_pET-29b(+),MGSSHHHHHHSSGENLYFQGCFGEKPVLDELGKDGKGKIKVVYYDEDSFYRQYGNLFNVKYPDIEFEIVNQQEMYRDLQGKEDVDYEEERMKFLDKHKPDVLMIDLEMMEKLVQEGKLYNLDSVIAQEKFDLEGYMPGLVDMIREGGGGSLYGLAPYFYTSVIYYNAELFREHNIEPPRNKMTWQEVLDLSIRFAGVGSGENQVYGYYQRFGGDPQELLLDVANTSSLRFFDAKGEKLVFNTDGWKQMVKLITDSIRNKGVYTQPRDEGNARTFSSDDDLFFKGRAAMIMEGPWFISQIKNRAMWDKDSKNIDWGMVSAPVDPASPDESSYAGLSEIYAIAADSPNKRAAWEFVKFVNGPEMAKAASRSMDGNLPTRNQFMKEIDGKSTEAFYSLRPKAKYDSIWGGPDVEVPSEFYRDFRPILDKELKAVIDNKKTVDEAVAAIQAEGEVALQKGREADKARKEAEQKAKGESGKAEEENKTEGSGSAEAGTAEGD,4.91,56250.2,74260,74260,-0.70,False,GCFGEKPVLDELGKDGKGKIKVVYYDEDSFYRQYGNLFNVKYPDIEFEIVNQQEMYRDLQGKEDVDYEEERMKFLDKHKPDVLMIDLEMMEKLVQEGKLYNLDSVIAQEKFDLEGYMPGLVDMIREGGGGSLYGLAPYFYTSVIYYNAELFREHNIEPPRNKMTWQEVLDLSIRFAGVGSGENQVYGYYQRFGGDPQELLLDVANTSSLRFFDAKGEKLVFNTDGWKQMVKLITDSIRNKGVYTQPRDEGNARTFSSDDDLFFKGRAAMIMEGPWFISQIKNRAMWDKDSKNIDWGMVSAPVDPASPDESSYAGLSEIYAIAADSPNKRAAWEFVKFVNGPEMAKAASRSMDGNLPTRNQFMKEIDGKSTEAFYSLRPKAKYDSIWGGPDVEVPSEFYRDFRPILDKELKAVIDNKKTVDEAVAAIQAEGEVALQKGREADKARKEAEQKAKGESGKAEEENKTEGSGSAEAGTAEGD,4.77,54038.9,72770,72770
A0A229R8F1_pET-29b(+),MGSSHHHHHHSSGENLYFQGMVVNPQQSRGGRKVLAFAAAAVVAIGLIIGLRAITSDSGEEAAAAKCTTGDAVKLQVSSSPEKAGVVSEIAKDYSGRTVAGRCVDVLVQSKSSGTAMQALSRGWNEAVDGPRPDVWTPAASGWVNLLRQNLTGTDHPALVPEGDPESVANAPLVVAMPKPMAEALGWPGKGIGWKDLAALATDPQGWAKYGHPEWGKFRLGKTNPNISTSGLNATIGAYYAATGTSSDLTANALAKPEARTFVQNVEQAIVHYGDNTLTFLTNLQKADDRGAALSYISAVTVEENSLVGYNQGNPTNDPAKRGQHAPPKVPLVGIYPSDGTLNSDHPFAVLNWADDVHKQVAADFLAHLRGAEAQQKFSDIGFRTFDGKPGSQTTKENGAQPDGKLNLIRPPSPPVLTEVLKSWKDLRKKANVLLVVDVSGSMGDSVSGTGKNKMDLAKQAAVASLPQFSDADKVGLWMFSTKLNSDKDYFELRPVSPIGGEPGRQELASRLNGLTPQSGTGLYDSSLAAYEYMKQNLDPNAINAVVVLTDGRNEDPGGIDLPNLLGQLRTEGSGEAVRMFTIAYGSDADLNVLKEIAETTQGVGYDSSKPDSIDQVFTAVISNF,5.68,66192.3,77350,77475,-0.31,True,GMVVNPQQSRGGRKVLAFAAAAVVAIGLIIGLRAITSDSGEEAAAAKCTTGDAVKLQVSSSPEKAGVVSEIAKDYSGRTVAGRCVDVLVQSKSSGTAMQALSRGWNEAVDGPRPDVWTPAASGWVNLLRQNLTGTDHPALVPEGDPESVANAPLVVAMPKPMAEALGWPGKGIGWKDLAALATDPQGWAKYGHPEWGKFRLGKTNPNISTSGLNATIGAYYAATGTSSDLTANALAKPEARTFVQNVEQAIVHYGDNTLTFLTNLQKADDRGAALSYISAVTVEENSLVGYNQGNPTNDPAKRGQHAPPKVPLVGIYPSDGTLNSDHPFAVLNWADDVHKQVAADFLAHLRGAEAQQKFSDIGFRTFDGKPGSQTTKENGAQPDGKLNLIRPPSPPVLTEVLKSWKDLRKKANVLLVVDVSGSMGDSVSGTGKNKMDLAKQAAVASLPQFSDADKVGLWMFSTKLNSDKDYFELRPVSPIGGEPGRQELASRLNGLTPQSGTGLYDSSLAAYEYMKQNLDPNAINAVVVLTDGRNEDPGGIDLPNLLGQLRTEGSGEAVRMFTIAYGSDADLNVLKEIAETTQGVGYDSSKPDSIDQVFTAVISNF,5.39,63981.0,75860,75985
A0A420EZA3_pET-29b(+),MGSSHHHHHHSSGENLYFQGCGGGDDSSGPAAAGNGGKDYTGPKVDLKLWNGFTGGDGEIFKTLVNQFNSEHQNIAVSVATYQWEDYYNKLPGAASSGNGPDIAVMHMDQLATFAARGVITELDDVASALELSEGDFAPTVWKGGIYNDKRYGIPLDMHPLGFYYNKAVMEKAGLDPNKPPTTRDEYMAALTELKKSGVQGFWVSPFQFTGGMTFYSLVYQFGGSLFDAEVNKATFNSDQAVEACTWLVDMIKQGFSPANVGQDADYLAFKSGKNAFNWNGIWQVNDLKKSADIQWGVAPLPQIGSTQAAWANSHNFTIVKQRSQNANKVSASKVFINWLSQHSLDWAKGGQVPARKTVRDSAEFKALTEVNALAPELEYAAFPPAAPGLGEVMTTFYNAFNEAALGKKSPKQALDDGVAKANKQLEDNRKKYGS,5.78,47257.1,84340,84465,-0.44,True,GCGGGDDSSGPAAAGNGGKDYTGPKVDLKLWNGFTGGDGEIFKTLVNQFNSEHQNIAVSVATYQWEDYYNKLPGAASSGNGPDIAVMHMDQLATFAARGVITELDDVASALELSEGDFAPTVWKGGIYNDKRYGIPLDMHPLGFYYNKAVMEKAGLDPNKPPTTRDEYMAALTELKKSGVQGFWVSPFQFTGGMTFYSLVYQFGGSLFDAEVNKATFNSDQAVEACTWLVDMIKQGFSPANVGQDADYLAFKSGKNAFNWNGIWQVNDLKKSADIQWGVAPLPQIGSTQAAWANSHNFTIVKQRSQNANKVSASKVFINWLSQHSLDWAKGGQVPARKTVRDSAEFKALTEVNALAPELEYAAFPPAAPGLGEVMTTFYNAFNEAALGKKSPKQALDDGVAKANKQLEDNRKKYGS,5.39,45045.8,82850,82975
A0A7X5VDL0_pET-29b(+),MGSSHHHHHHSSGENLYFQGCTGGAPGAGSGGVQQDAGAQQEIRYMIGQPEDPADLELIKSDLKTFESKNPGITVKLDVIPSENVRTVLQTQLRSGQGPDVFGYDTGPGFAGALAKAGLVYDLTNAYRERNWPVYDFAKKRVTFDGKIVGVPSQIEEVGVFYNKTLFAKFGIAQPKNLTELTAAAEKLKQNNVVPFAVSDKEGWQGGHLLSMSLSSAVGSKGMDDLLNGRTSWNSPPVVDSLAVWKDWNDKGLLTPSPAAVSYDNANALFYSGKAAMNPTGSWLALDIERNAKFEVGFIPFPAKDGAGIFSGGLGSGTFVSASTTKAEASVKFLDYLISPEHGRWAAEKLQDIPAYPIDTAGMKASPLFKQVLDDSAKIADGSGDFGYNIDVLTTDVFNNAMWKGIQGILSDQAEPAQVAAQLQSAYEKSAK,5.35,46192.2,63370,63370,-0.28,False,GCTGGAPGAGSGGVQQDAGAQQEIRYMIGQPEDPADLELIKSDLKTFESKNPGITVKLDVIPSENVRTVLQTQLRSGQGPDVFGYDTGPGFAGALAKAGLVYDLTNAYRERNWPVYDFAKKRVTFDGKIVGVPSQIEEVGVFYNKTLFAKFGIAQPKNLTELTAAAEKLKQNNVVPFAVSDKEGWQGGHLLSMSLSSAVGSKGMDDLLNGRTSWNSPPVVDSLAVWKDWNDKGLLTPSPAAVSYDNANALFYSGKAAMNPTGSWLALDIERNAKFEVGFIPFPAKDGAGIFSGGLGSGTFVSASTTKAEASVKFLDYLISPEHGRWAAEKLQDIPAYPIDTAGMKASPLFKQVLDDSAKIADGSGDFGYNIDVLTTDVFNNAMWKGIQGILSDQAEPAQVAAQLQSAYEKSAK,4.98,43980.9,61880,61880
A0A424YBQ4_pET-29b(+),MGSSHHHHHHSSGENLYFQGLPTGFDAVIMIEDIHQLDEETIEITSAAAPWQHVRPMGEDIVATELIIPVNHRVGPEDIGAMLAGGIWQVKVRKKPVVTIIPTGSELVQPGEVPAGGKIIEFNSRFFSGLVIRWGGEARPHDIVKDEYELIKKALLSALEKSDLVIINAGSSAGSRDYTSAIIEEVGELLAHGLAIKPGKPTVLGMVNKKPVVGVPGYPVSAFFVMDLMVKPLIYELQGLPVPERPQVKAVMSRRVVSSFKAQEFLRVKLGQVGEKMIATPLARGAGVITSLVRADGFVSIPQLKEGLETGEEVQVDLVKDLKEIKNTVVSIGSHDLTLDIIANLLRLNFPEISLSSAHVGSMGGLMALRRGETHLAGSHLLDEKTGEYNIPYIKRLLPAREVVLINLVYREQGLIFPPGNPKKITSLEDLARKDISFVNRQKGAGTRLLLDYHLQKMENNPQNIKGYEREEYSHLAVAAAVASGAADTGMGILAAAKALGLDFLPLAEERYDIIIP,6.12,56262.5,34380,34380,0.01,False,GLPTGFDAVIMIEDIHQLDEETIEITSAAAPWQHVRPMGEDIVATELIIPVNHRVGPEDIGAMLAGGIWQVKVRKKPVVTIIPTGSELVQPGEVPAGGKIIEFNSRFFSGLVIRWGGEARPHDIVKDEYELIKKALLSALEKSDLVIINAGSSAGSRDYTSAIIEEVGELLAHGLAIKPGKPTVLGMVNKKPVVGVPGYPVSAFFVMDLMVKPLIYELQGLPVPERPQVKAVMSRRVVSSFKAQEFLRVKLGQVGEKMIATPLARGAGVITSLVRADGFVSIPQLKEGLETGEEVQVDLVKDLKEIKNTVVSIGSHDLTLDIIANLLRLNFPEISLSSAHVGSMGGLMALRRGETHLAGSHLLDEKTGEYNIPYIKRLLPAREVVLINLVYREQGLIFPPGNPKKITSLEDLARKDISFVNRQKGAGTRLLLDYHLQKMENNPQNIKGYEREEYSHLAVAAAVASGAADTGMGILAAAKALGLDFLPLAEERYDIIIP,5.96,54051.2,32890,32890
A0A1G1C1U8_pET-29b(+),MGSSHHHHHHSSGENLYFQGMPDPNQDQTFGEKPFPDSNSNVKPPWQREEEESGEETDLVEALKEERPAVEITPSLEAEELSKETMTEIPGTAEVPEETDLSTEPSLPETPPAEIPIPNVPPLAEAPVESPPEEIPEEPSGPVQAYHSQSKSPLGGLKKILPIILGLIVVIGLVFLAVKFGLPRFQKQKEVTLTYWGLWEPESVMREVINDWNKDHPSIKVNYSMQSKEQYRERLQSALARSEGPDIFRFHVTWLPMLKGQLDSVPTEVMSASQYESTFYPVAATNLRSGSGYLGIPLEIDTLALFYNKDIFQTAGKVPPATWDELRKTAIELATHDEEGKIQTAGVALGTTNNIEHWSDILGLMMLQNEADLANPTGALAEDALDFYTIFSRTDRVWDSTLPSSMLAFANGKLAMYFGYSWDIFEIKNINPNLEFGVVQAPQLAGTNISWASFWVEGVNNKGQFKEEAWEFLKYLSSKETLAKLYQAESKVRLFGEPYSRVEMASQAKTNPLVTPFVEQASQAQTWYLCSRTYDNGINDKTISYFEDAVNTVNKGQNSTKALETAASGINQLLSQYGLVTTVTP,4.67,65216.3,99810,99810,-0.42,False,GMPDPNQDQTFGEKPFPDSNSNVKPPWQREEEESGEETDLVEALKEERPAVEITPSLEAEELSKETMTEIPGTAEVPEETDLSTEPSLPETPPAEIPIPNVPPLAEAPVESPPEEIPEEPSGPVQAYHSQSKSPLGGLKKILPIILGLIVVIGLVFLAVKFGLPRFQKQKEVTLTYWGLWEPESVMREVINDWNKDHPSIKVNYSMQSKEQYRERLQSALARSEGPDIFRFHVTWLPMLKGQLDSVPTEVMSASQYESTFYPVAATNLRSGSGYLGIPLEIDTLALFYNKDIFQTAGKVPPATWDELRKTAIELATHDEEGKIQTAGVALGTTNNIEHWSDILGLMMLQNEADLANPTGALAEDALDFYTIFSRTDRVWDSTLPSSMLAFANGKLAMYFGYSWDIFEIKNINPNLEFGVVQAPQLAGTNISWASFWVEGVNNKGQFKEEAWEFLKYLSSKETLAKLYQAESKVRLFGEPYSRVEMASQAKTNPLVTPFVEQASQAQTWYLCSRTYDNGINDKTISYFEDAVNTVNKGQNSTKALETAASGINQLLSQYGLVTTVTP,4.55,63005.0,98320,98320
A0A3D9GMW5_pET-29b(+),MGSSHHHHHHSSGENLYFQGCGGGKEDTAAKDTGDTTSPITFSFFGADASPNWNKMQDEVGKEITAKTGVTINAEFAVSGGGQDKISLMAASGDYPDLIFAKGDVNKLVDAGAMLDLTDLIDKYAPNLKKIYGDYMDRLKYSNDDQAIYVLPTNAAVNQQYFDAGGGFEIQNAVLKELGYPEVKTVKDFENVLKAYKEKHPTIDGQPTIPLTLDADDWRIMITVTNPAFLATGAPDDGEYFINPQTYEAQLHYKRPEEKEYFRWLNHMYNEGLLDKETFVQKSDQYKSKISSGRVLGLIDQEWGYSDAENALKAAGKDERTYAHLPVTLSEEYKDHSFQDTGFTSGWGIGITNNCKDPVRAIKFMDWLASDEGQVLINWGIEGKHYNVEDGKRVIPQEIQEKKINDASNFTKTSGIGLYTIFSAHYGDGVKDPSGNYYTTNFPDQIVASYTPAEKETLKAYGAKTWKDLFPSEKDFPVKPWGAAYNISVEEGSDYTVTYQKTQDIIRKRIPEAILTTPDKFDAVYDNMIKELNAAGAEKMEQQYTELVKDRVELWGGTTEAK,4.91,62815.1,101190,101315,-0.63,True,GCGGGKEDTAAKDTGDTTSPITFSFFGADASPNWNKMQDEVGKEITAKTGVTINAEFAVSGGGQDKISLMAASGDYPDLIFAKGDVNKLVDAGAMLDLTDLIDKYAPNLKKIYGDYMDRLKYSNDDQAIYVLPTNAAVNQQYFDAGGGFEIQNAVLKELGYPEVKTVKDFENVLKAYKEKHPTIDGQPTIPLTLDADDWRIMITVTNPAFLATGAPDDGEYFINPQTYEAQLHYKRPEEKEYFRWLNHMYNEGLLDKETFVQKSDQYKSKISSGRVLGLIDQEWGYSDAENALKAAGKDERTYAHLPVTLSEEYKDHSFQDTGFTSGWGIGITNNCKDPVRAIKFMDWLASDEGQVLINWGIEGKHYNVEDGKRVIPQEIQEKKINDASNFTKTSGIGLYTIFSAHYGDGVKDPSGNYYTTNFPDQIVASYTPAEKETLKAYGAKTWKDLFPSEKDFPVKPWGAAYNISVEEGSDYTVTYQKTQDIIRKRIPEAILTTPDKFDAVYDNMIKELNAAGAEKMEQQYTELVKDRVELWGGTTEAK,4.76,60603.8,99700,99825
A0A7V8WSE1_pET-29b(+),MGSSHHHHHHSSGENLYFQGQDGADAITIPDTGAQLPSEDVTFRWVDSGDVKAFFWEAFFPKYQEAHPNITVQYDGLPWNEIGQIVPIGVQNGNAHDVFQVPLNIPSAQAVAEGWVAPLDDIIPNFAAWKAAFPAGAFVPGITDFNGKTYTVPLTSNKRYGTLTLYNVEYMNQAGFDPMNEPLTWDTFREAARKITEQGQGQYFGLIFEGSQTPRFGAFVSGLGRMAGAPSGSGAAGVDDIDWRTGEYVYTSDQYLGALDLLLAIDDDGSVFPGSMSLNAPQARAQMPQGAAGMILQGPWNIPQWQRDNPDFEFGVGSQPLPNTGAAVPMTVGPGGANNLWVYAQSPYQAVAGDIFAYVGSLEGQRAWASIVSVADPPIFVEAQGATGENPLAAKAFELFNEQLRLGPDPRVRNPDAAQVFLELQPISPDFGTVVQGVFTGQLEDPKAAMEDLQNRASQELDRAIKAAQDKGAQVSRDDWVFSNWDPTRDYTEADYAALGG,4.35,54230.4,95340,95340,-0.30,False,GQDGADAITIPDTGAQLPSEDVTFRWVDSGDVKAFFWEAFFPKYQEAHPNITVQYDGLPWNEIGQIVPIGVQNGNAHDVFQVPLNIPSAQAVAEGWVAPLDDIIPNFAAWKAAFPAGAFVPGITDFNGKTYTVPLTSNKRYGTLTLYNVEYMNQAGFDPMNEPLTWDTFREAARKITEQGQGQYFGLIFEGSQTPRFGAFVSGLGRMAGAPSGSGAAGVDDIDWRTGEYVYTSDQYLGALDLLLAIDDDGSVFPGSMSLNAPQARAQMPQGAAGMILQGPWNIPQWQRDNPDFEFGVGSQPLPNTGAAVPMTVGPGGANNLWVYAQSPYQAVAGDIFAYVGSLEGQRAWASIVSVADPPIFVEAQGATGENPLAAKAFELFNEQLRLGPDPRVRNPDAAQVFLELQPISPDFGTVVQGVFTGQLEDPKAAMEDLQNRASQELDRAIKAAQDKGAQVSRDDWVFSNWDPTRDYTEADYAALGG,4.19,52019.1,93850,93850
A0A7X3IHW9_pET-29b(+),MGSSHHHHHHSSGENLYFQGCGSGGSDKPGSKEKQTTKDGKTIVTLSIQEATPFYQSLEKKFEAKYPDIDLQIKSYKNMGEQWDSGDYEKYKKTTNTAMLSGKGADIIEVGGLPVEEYVNKHLLLNMNDLMKQDKTLNTNDLQTSILDALKLSGGMYTIPSGFFLRAFVGDGNVIKNSGVKVDDKNWNWKEFEATSKELIQQAGKSGKRQLYALANNPPEVTLQEMAVDNYTEFVDSTSKTSTFDGPAFIELMQQIKQMYDEKIMTSNQAEMGNQLFYSTVLFSPTDFVDGPYSYFENPLLLQKPHTGKAGGMRIIPSSQFAIQAKSPVKEEAWKFIAFLLSDEAQSLQEREGFSLLTSVNNKKLDEVQVKVKDGAYKLPDGKTAKVPDDAFMQFKQLVQSADQYAELDGKVISLIGEEGLSFFSGQKSAEEVAKLIQNRATTYLNE,5.39,49858.5,47330,47330,-0.57,False,GCGSGGSDKPGSKEKQTTKDGKTIVTLSIQEATPFYQSLEKKFEAKYPDIDLQIKSYKNMGEQWDSGDYEKYKKTTNTAMLSGKGADIIEVGGLPVEEYVNKHLLLNMNDLMKQDKTLNTNDLQTSILDALKLSGGMYTIPSGFFLRAFVGDGNVIKNSGVKVDDKNWNWKEFEATSKELIQQAGKSGKRQLYALANNPPEVTLQEMAVDNYTEFVDSTSKTSTFDGPAFIELMQQIKQMYDEKIMTSNQAEMGNQLFYSTVLFSPTDFVDGPYSYFENPLLLQKPHTGKAGGMRIIPSSQFAIQAKSPVKEEAWKFIAFLLSDEAQSLQEREGFSLLTSVNNKKLDEVQVKVKDGAYKLPDGKTAKVPDDAFMQFKQLVQSADQYAELDGKVISLIGEEGLSFFSGQKSAEEVAKLIQNRATTYLNE,5.10,47647.2,45840,45840
A0A7Y0QD95_pET-29b(+),MGSSHHHHHHSSGENLYFQGCSLKKEDNYKLDPENPISIQIWHYYNGQQKMAFDKLVKEFNDTVGSERGIIVEAFSQGNVVDLSEKVLDSANKKVGSEDVPNIFAAYSDTAYEMDKLGLLVDMDKYISKEELSEYIDEYVEEGRINSKGEFKLFPIAKSTEILMLNKTDWDKFAKATNSNINDIKTIEGLVETSKKYYEWTDSLTKEPNDGKAFFGRDALANYIIIGSKQLGVEIFSVKDGKVTLNIDEKVMKKLWDNFYVPYINGYFASYGKFRSDDAKTGDILALVGSSSGAAYFPDRVMLNDNESYNIETSVFQAPRFNGEGKYAVQQGAGMAVTKSTKEEEYASVEFLKWFTDKEPNIKFSIASGYLPVKKKTNDLEVIKEVMKKDNLSLSDKVEGSIASSIEQINSCNLYTNKAFDGGTKARQILEYSMLDKAKEDLNKINELVKSGTSKKDAVAQFNNDKNFETWFESFKAELEKAIKK,5.29,54839.0,67270,67395,-0.58,True,GCSLKKEDNYKLDPENPISIQIWHYYNGQQKMAFDKLVKEFNDTVGSERGIIVEAFSQGNVVDLSEKVLDSANKKVGSEDVPNIFAAYSDTAYEMDKLGLLVDMDKYISKEELSEYIDEYVEEGRINSKGEFKLFPIAKSTEILMLNKTDWDKFAKATNSNINDIKTIEGLVETSKKYYEWTDSLTKEPNDGKAFFGRDALANYIIIGSKQLGVEIFSVKDGKVTLNIDEKVMKKLWDNFYVPYINGYFASYGKFRSDDAKTGDILALVGSSSGAAYFPDRVMLNDNESYNIETSVFQAPRFNGEGKYAVQQGAGMAVTKSTKEEEYASVEFLKWFTDKEPNIKFSIASGYLPVKKKTNDLEVIKEVMKKDNLSLSDKVEGSIASSIEQINSCNLYTNKAFDGGTKARQILEYSMLDKAKEDLNKINELVKSGTSKKDAVAQFNNDKNFETWFESFKAELEKAIKK,5.07,52627.7,65780,65905
A0A5C4T8L7_pET-29b(+),MGSSHHHHHHSSGENLYFQGCGGGSDNPGKQGESAAKEEAPKLEPAELVFYDGSGDWPAERFDREIGGPLKQKFPHITPKFVPYTNGSKVQDMITAGEPPDIVFASTGLVYSRLMQYELQYDITPLIQKYKYDMGKQEPVVTEQMKQLANGGIYGLPAFMSPATLYYNKDIFDKFGVAYPKDGNTWDELYEMSKKLTRKDGGITYRGLFVSAQHLIRLNQFSLKTLDTATNKATFADDSWKKFYDNAARFFTVPDFELTTALTSVANQRSAFIKDRTVAMWLPVSTQHTAEELAGMNWDVASFPVFADKPGVGPQPYPNVFWLTRTSKYKDQAFQAMAYLASEEFQLAGVKRGEFLSALKSDTLRKAFGQDAAMYKGKNIKAMLPEKFASATPIGKYNSIAETNLLTSFNNVILGKKDTNTALREAEEAANKKIQEELSK,6.78,49155.0,62800,62800,-0.51,False,GCGGGSDNPGKQGESAAKEEAPKLEPAELVFYDGSGDWPAERFDREIGGPLKQKFPHITPKFVPYTNGSKVQDMITAGEPPDIVFASTGLVYSRLMQYELQYDITPLIQKYKYDMGKQEPVVTEQMKQLANGGIYGLPAFMSPATLYYNKDIFDKFGVAYPKDGNTWDELYEMSKKLTRKDGGITYRGLFVSAQHLIRLNQFSLKTLDTATNKATFADDSWKKFYDNAARFFTVPDFELTTALTSVANQRSAFIKDRTVAMWLPVSTQHTAEELAGMNWDVASFPVFADKPGVGPQPYPNVFWLTRTSKYKDQAFQAMAYLASEEFQLAGVKRGEFLSALKSDTLRKAFGQDAAMYKGKNIKAMLPEKFASATPIGKYNSIAETNLLTSFNNVILGKKDTNTALREAEEAANKKIQEELSK,7.04,46943.7,61310,61310
A0A660S9D3_pET-29b(+),MGSSHHHHHHSSGENLYFQGCAKEGQKEVVVYTSVDQVFSEPILKDFEKKTGIKVKAVYDVEATKTVGLVNRLMAEKENPKCDVFWNNEIVRTIVLKKKGVLTPYNSPSAEDIPSQFKDKDYYWTGFAARARVLIYNTKMLKETGLPKSIFELTEPKWKGKVALAYPLFGTTATHIAALYAILGREKAEEYLKALNANKVVIVDGNSVARDMVVKGKLPLAFTDTDDANVAIQSGKPVKMIYPDSNGIGTLLIPNTVALIKGCPHPDEGKKLIDYLLSKEVESKLAFCESANMPIRDGVKKPLHVPEFSSIKAMEIDYYKVAENLDRSARFCQGLFVR,8.81,37702.1,37360,37610,-0.27,True,GCAKEGQKEVVVYTSVDQVFSEPILKDFEKKTGIKVKAVYDVEATKTVGLVNRLMAEKENPKCDVFWNNEIVRTIVLKKKGVLTPYNSPSAEDIPSQFKDKDYYWTGFAARARVLIYNTKMLKETGLPKSIFELTEPKWKGKVALAYPLFGTTATHIAALYAILGREKAEEYLKALNANKVVIVDGNSVARDMVVKGKLPLAFTDTDDANVAIQSGKPVKMIYPDSNGIGTLLIPNTVALIKGCPHPDEGKKLIDYLLSKEVESKLAFCESANMPIRDGVKKPLHVPEFSSIKAMEIDYYKVAENLDRSARFCQGLFVR,8.91,35490.8,35870,36120
